Attraction,City
Playa Cala Gran,"Majorca, Balearic Islands"
Playa de Ses Salines,"Majorca, Balearic Islands"
Formentor Lighthouse,"Majorca, Balearic Islands"
Mirador Es Colomer Formentor,"Majorca, Balearic Islands"
Jungle Parc Mallorca,"Majorca, Balearic Islands"
Playa de S'Amarador,"Majorca, Balearic Islands"
Formentor Playa,"Majorca, Balearic Islands"
Playa de Sa Coma,"Majorca, Balearic Islands"
Hams Caves,"Majorca, Balearic Islands"
Cala Domingos,"Majorca, Balearic Islands"
Castell de Capdepera,"Majorca, Balearic Islands"
Pine Walk,"Majorca, Balearic Islands"
Santuari De Sant Salvador,"Majorca, Balearic Islands"
Parque Natural S'Albufera de Mallorca,"Majorca, Balearic Islands"
Playa Santa Ponca,"Majorca, Balearic Islands"
Puerto de Cala Figuera,"Majorca, Balearic Islands"
The 365 Calvari Steps,"Majorca, Balearic Islands"
Vall de Boquer,"Majorca, Balearic Islands"
Museo Sa Bassa Blanca,"Majorca, Balearic Islands"
Cartoixa de Valldemossa,"Majorca, Balearic Islands"
Taxi Pmi,"Majorca, Balearic Islands"
Cala Gat,"Majorca, Balearic Islands"
Cala Llombards,"Majorca, Balearic Islands"
Playa de Cala Mayor,"Majorca, Balearic Islands"
Museu Fundacion Juan March Palma,"Majorca, Balearic Islands"
Platja d'Illetes,"Majorca, Balearic Islands"
Mallorca Fashion Outlet,"Majorca, Balearic Islands"
Cala Marcal,"Majorca, Balearic Islands"
Rafa Nadal Museum,"Majorca, Balearic Islands"
Palma Nova Beach,"Majorca, Balearic Islands"
Plaça Major,"Majorca, Balearic Islands"
Puig de Pollenca,"Majorca, Balearic Islands"
Platja Des Coll Baix,"Majorca, Balearic Islands"
Can Det,"Majorca, Balearic Islands"
Platja de Palma,"Majorca, Balearic Islands"
Playa De Magaluf,"Majorca, Balearic Islands"
Can Prunera Museum of Modernism,"Majorca, Balearic Islands"
Basilica de Sant Francesc,"Majorca, Balearic Islands"
S'Hort del Rei,"Majorca, Balearic Islands"
Punta de n'Amer,"Majorca, Balearic Islands"
Bodega Ribas,"Majorca, Balearic Islands"
Castell d Alaro,"Majorca, Balearic Islands"
Mercado de Santa Catalina,"Majorca, Balearic Islands"
Ciutat Romana de Pollentia,"Majorca, Balearic Islands"
Mercat Setmanal,"Majorca, Balearic Islands"
Cala Mondrago,"Majorca, Balearic Islands"
Cala Santanyi,"Majorca, Balearic Islands"
Golf Fantasia,"Majorca, Balearic Islands"
Terrazas de la Catedral de Palma,"Majorca, Balearic Islands"
Santuari de Lluc,"Majorca, Balearic Islands"
Torrent de Pareis,"Majorca, Balearic Islands"
Es Baluard Museu d'Art Modern i Contemporani de Palma,"Majorca, Balearic Islands"
Porto Pi Centro Comercial,"Majorca, Balearic Islands"
Porta del Moll,"Majorca, Balearic Islands"
Cala Estancia,"Majorca, Balearic Islands"
Sa Dragonera National Park,"Majorca, Balearic Islands"
Cala Esmeralda Beach,"Majorca, Balearic Islands"
Macia Batle,"Majorca, Balearic Islands"
Cala Sa Nau,"Majorca, Balearic Islands"
Canyon de la Calobra,"Majorca, Balearic Islands"
Mallorca Bike Hire,"Majorca, Balearic Islands"
Roig Drive Mallorca!,"Majorca, Balearic Islands"
Rancho Grande Park,"Majorca, Balearic Islands"
Esfinges,"Majorca, Balearic Islands"
Lonja 18,"Majorca, Balearic Islands"
Finnegan's Live Music Irish Pub,"Majorca, Balearic Islands"
Golf Son Gual,"Majorca, Balearic Islands"
Coves de Campanet,"Majorca, Balearic Islands"
Bar Abaco,"Majorca, Balearic Islands"
Mc Tavishes,"Majorca, Balearic Islands"
The Body Camp,"Majorca, Balearic Islands"
Enjoy Club,"Majorca, Balearic Islands"
The Prince William Pub,"Majorca, Balearic Islands"
Trike & Quad Shop Paguera,"Majorca, Balearic Islands"
The Prince Of Wales,"Majorca, Balearic Islands"
Mallorca Wellness SPA - Gran Playa de Palma,"Majorca, Balearic Islands"
Balearic Transfer,"Majorca, Balearic Islands"
Bcm Mallorca,"Majorca, Balearic Islands"
Piano Bar Magaluf,"Majorca, Balearic Islands"
Berganti Bikes,"Majorca, Balearic Islands"
Cala Gran Cocktail Bar,"Majorca, Balearic Islands"
Hammam Al Ándalus Palma,"Majorca, Balearic Islands"
Mucky OMarras Irish Pub,"Majorca, Balearic Islands"
Taxi Mallorca 365,"Majorca, Balearic Islands"
Jolly Roger,"Majorca, Balearic Islands"
JJs Sports Lounge,"Majorca, Balearic Islands"
Rafa Nadal Club Beauty Spa,"Majorca, Balearic Islands"
No Frills Excursions,"Majorca, Balearic Islands"
Banana Joe's,"Majorca, Balearic Islands"
Best Escape Rooms Mallorca,"Majorca, Balearic Islands"
Bugs Buggy Mallorca Adventure,"Majorca, Balearic Islands"
Mallorca Wellness SPA - Mediterraneo Hotel,"Majorca, Balearic Islands"
Bongos,"Majorca, Balearic Islands"
Bar Code 7,"Majorca, Balearic Islands"
Naturacavall,"Majorca, Balearic Islands"
O'Malley's Irish Pub,"Majorca, Balearic Islands"
Escape room QuestQuest,"Majorca, Balearic Islands"
BikeKing,"Majorca, Balearic Islands"
Cafe Atlantico Cocktail Bar,"Majorca, Balearic Islands"
Why Not Cycling,"Majorca, Balearic Islands"
WhyNot Cocktail Bar,"Majorca, Balearic Islands"
Monroes,"Majorca, Balearic Islands"
La Bicicleta Sports Bar,"Majorca, Balearic Islands"
Sean's Place,"Majorca, Balearic Islands"
Mallorca Horses,"Majorca, Balearic Islands"
Paco's CRAZY HORSE BAR.,"Majorca, Balearic Islands"
Buggy 4 Fun,"Majorca, Balearic Islands"
Morgan's Pub,"Majorca, Balearic Islands"
RMA Mallorca,"Majorca, Balearic Islands"
Thai-Wellness Massage in Peguera,"Majorca, Balearic Islands"
Rose & Crown Cala Millor,"Majorca, Balearic Islands"
Spa  Hotel Es Port,"Majorca, Balearic Islands"
Wrangler Jeep Safari,"Majorca, Balearic Islands"
Flamallorca Palma: Fiesta Flamenca,"Majorca, Balearic Islands"
Danilo Hondo ePoint,"Majorca, Balearic Islands"
Poundstretcher,"Majorca, Balearic Islands"
The Island Wellness,"Majorca, Balearic Islands"
Durty Nelly's Pub,"Majorca, Balearic Islands"
Mallorca North Transfers,"Majorca, Balearic Islands"
The Irish Tavern,"Majorca, Balearic Islands"
Embark,"Majorca, Balearic Islands"
Excursions a Cabrera,"Majorca, Balearic Islands"
Vintage Motors,"Majorca, Balearic Islands"
Tramuntana Diving & Adventure,"Majorca, Balearic Islands"
ZOEA Scuba Diving Center,"Majorca, Balearic Islands"
Mallorca Wine Tours,"Majorca, Balearic Islands"
Mallorca Boat Hire,"Majorca, Balearic Islands"
Skualo Dive Center,"Majorca, Balearic Islands"
MaksyBoats,"Majorca, Balearic Islands"
Albatros Diving,"Majorca, Balearic Islands"
Funny Boats,"Majorca, Balearic Islands"
ROUTE MALLORCA,"Majorca, Balearic Islands"
Segway Adventure Sa Coma,"Majorca, Balearic Islands"
Electric Scooter Tours,"Majorca, Balearic Islands"
Formula Tours,"Majorca, Balearic Islands"
Jeep Safari Mallorca,"Majorca, Balearic Islands"
Loco Wheels,"Majorca, Balearic Islands"
SUP Center Cala Ratjada,"Majorca, Balearic Islands"
Sea Safari Mallorca,"Majorca, Balearic Islands"
North Mallorca Charters Day Tours,"Majorca, Balearic Islands"
Tramuntana Tours,"Majorca, Balearic Islands"
Octopus Mallorca,"Majorca, Balearic Islands"
Can Pizà Boutique Winery,"Majorca, Balearic Islands"
Mallorca Nature Tours,"Majorca, Balearic Islands"
Withlocals,"Majorca, Balearic Islands"
Bonnie Lass Charters,"Majorca, Balearic Islands"
Mallorca en Barco,"Majorca, Balearic Islands"
Roda Boats,"Majorca, Balearic Islands"
Mallorca Private Tour Guides - Day Tours,"Majorca, Balearic Islands"
Atrevida  Sport Yacht Charter,"Majorca, Balearic Islands"
Balearen Segeln,"Majorca, Balearic Islands"
Boats Mallorca. Santa Ponsa.,"Majorca, Balearic Islands"
Avinae Fine Wine & Spirits Merchants,"Majorca, Balearic Islands"
AlcudiaVentura,"Majorca, Balearic Islands"
Stellar Boats,"Majorca, Balearic Islands"
Palma Lock and Go,"Majorca, Balearic Islands"
Sailing Mallorca,"Majorca, Balearic Islands"
VIP Cycling,"Majorca, Balearic Islands"
Osium | eWatersports Mallorca,"Majorca, Balearic Islands"
Soller Divers,"Majorca, Balearic Islands"
Vespa Rental Alcudia| Vespa Lovers,"Majorca, Balearic Islands"
Quad Funtours Alcudia,"Majorca, Balearic Islands"
Portocolom Adventure Trips,"Majorca, Balearic Islands"
Vayu charters,"Majorca, Balearic Islands"
Robinson Boat Trips,"Majorca, Balearic Islands"
LLaut San Francisco,"Majorca, Balearic Islands"
Peter Diving,"Majorca, Balearic Islands"
Cycling Holiday Tours Mallorca,"Majorca, Balearic Islands"
Wind Pirates,"Majorca, Balearic Islands"
Katamaran Club Mallorca,"Majorca, Balearic Islands"
Mallorca Wellness SPA - Eurotel Punta Rotja,"Majorca, Balearic Islands"
Sail La Vie Soller,"Majorca, Balearic Islands"
Sun & Sea Mallorca Charter,"Majorca, Balearic Islands"
Poseidon Charter Mallorca,"Majorca, Balearic Islands"
Hire a Chef Mallorca,"Majorca, Balearic Islands"
Rozamar Private Sailing Experiences,"Majorca, Balearic Islands"
Free Tour Palma de Mallorca,"Majorca, Balearic Islands"
My Sea Experience,"Majorca, Balearic Islands"
Luxury yacht charter - Tiger,"Majorca, Balearic Islands"
Palma Sightseeing Tours & Rentals,"Majorca, Balearic Islands"
AHOY! Art Gallery,"Majorca, Balearic Islands"
Placa Del Mercat,"Majorca, Balearic Islands"
Platja De S'Algar,"Majorca, Balearic Islands"
Oficina de Turismo de Mallorca,"Majorca, Balearic Islands"
Museu Balear de Ciencies Naturals,"Majorca, Balearic Islands"
Casa de las Medias,"Majorca, Balearic Islands"
Cuevas de l'Alzinaret,"Majorca, Balearic Islands"
Monasterio de la Real,"Majorca, Balearic Islands"
Church of Felanitx,"Majorca, Balearic Islands"
Palma Padel,"Majorca, Balearic Islands"
Porta del Camp,"Majorca, Balearic Islands"
Orthodox Church of the Nativity,"Majorca, Balearic Islands"
Museu del Casal de Cultura,"Majorca, Balearic Islands"
El Valle de los Dinosaurios,"Majorca, Balearic Islands"
Santa Creu,"Majorca, Balearic Islands"
Can Barcelo,"Majorca, Balearic Islands"
Monumento a Fray Junipero Serra,"Majorca, Balearic Islands"
Palomas,"Majorca, Balearic Islands"
Parc de les Estacions,"Majorca, Balearic Islands"
Norauto Palma de Mallorca Ca's Caspicol,"Majorca, Balearic Islands"
Es Capdella - Galatzo Trail,"Majorca, Balearic Islands"
Museum of Decorative Arts of Majorca,"Majorca, Balearic Islands"
Som Yoga Studio,"Majorca, Balearic Islands"
Port des Canonge,"Majorca, Balearic Islands"
Carrer Missio,"Majorca, Balearic Islands"
Barrio Es Jonquet,"Majorca, Balearic Islands"
Casco Antiguo,"Majorca, Balearic Islands"
Parroquia Ortodoxa de San Miguel Arcángel,"Majorca, Balearic Islands"
Iglesia de Ntra. Sra. del Socorro,"Majorca, Balearic Islands"
Museo Catedralicio,"Majorca, Balearic Islands"
SUP Center Cala Ratjada,"Majorca, Balearic Islands"
Mallorca Balloons,"Majorca, Balearic Islands"
MaksyBoats,"Majorca, Balearic Islands"
Mallorquad,"Majorca, Balearic Islands"
GoJet Mallorca,"Majorca, Balearic Islands"
Mallorca Boat Hire,"Majorca, Balearic Islands"
Cabbik,"Majorca, Balearic Islands"
Mes Aventura,"Majorca, Balearic Islands"
GreenTours Palma,"Majorca, Balearic Islands"
Big Blue Diving,"Majorca, Balearic Islands"
Viu Aventura,"Majorca, Balearic Islands"
Acqua Life Dive Center,"Majorca, Balearic Islands"
Bonnie Lass Charters,"Majorca, Balearic Islands"
Escape room QuestQuest,"Majorca, Balearic Islands"
Can Det,"Majorca, Balearic Islands"
Acqua Life Dive Center,"Majorca, Balearic Islands"
Captain Cook,"Majorca, Balearic Islands"
Vita Bel,"Majorca, Balearic Islands"
Tudor  Dawn Sailing Charters,"Majorca, Balearic Islands"
Embark,"Majorca, Balearic Islands"
Mallorca Wine Tours,"Majorca, Balearic Islands"
Mallorca on foot,"Majorca, Balearic Islands"
Velero Rafael Verdera,"Majorca, Balearic Islands"
Segway Adventure Sa Coma,"Majorca, Balearic Islands"
Bongos,"Majorca, Balearic Islands"
Decades,"Majorca, Balearic Islands"
Berganti Bikes,"Majorca, Balearic Islands"
Sailaway Charters,"Majorca, Balearic Islands"
Vayu charters,"Majorca, Balearic Islands"
Octopus Mallorca,"Majorca, Balearic Islands"
Mission: Escape,"Majorca, Balearic Islands"
Sail4fun,"Majorca, Balearic Islands"
Sea Safari Mallorca,"Majorca, Balearic Islands"
Oasis Catamaran,"Majorca, Balearic Islands"
Scuba Mallorca,"Majorca, Balearic Islands"
Mallorca Free Tour,"Majorca, Balearic Islands"
MDS My Diving School,"Majorca, Balearic Islands"
The Prince Of Wales,"Majorca, Balearic Islands"
Ranxo Ses Roques,"Majorca, Balearic Islands"
Cala Gran Cocktail Bar,"Majorca, Balearic Islands"
Skualo Dive Center,"Majorca, Balearic Islands"
Siroco boats,"Majorca, Balearic Islands"
Enjoy Club,"Majorca, Balearic Islands"
Rafa Nadal Club Beauty Spa,"Majorca, Balearic Islands"
Redstartours,"Majorca, Balearic Islands"
Experience Mallorca,"Majorca, Balearic Islands"
Mallorca Private Transfers,"Majorca, Balearic Islands"
The Challenge Mallorca,"Majorca, Balearic Islands"
Mallorca Private Tour Guides - Day Tours,"Majorca, Balearic Islands"
Call & Ride Mallorca,"Majorca, Balearic Islands"
Buggy 4 Fun,"Majorca, Balearic Islands"
Trike & Quad Shop Paguera,"Majorca, Balearic Islands"
Segway Palma,"Majorca, Balearic Islands"
Spain Free Tours - Free Tour Palma,"Majorca, Balearic Islands"
Premier Cruises Alcudia,"Majorca, Balearic Islands"
The Mallorca SUP Company,"Majorca, Balearic Islands"
Loco Wheels,"Majorca, Balearic Islands"
Bar Papis,"Majorca, Balearic Islands"
Hayes Charters,"Majorca, Balearic Islands"
Skualo Dive Center,"Majorca, Balearic Islands"
The Bike Doctor,"Majorca, Balearic Islands"
Mc Tavishes,"Majorca, Balearic Islands"
Mallorca Culinary Tours,"Majorca, Balearic Islands"
Palma Boats Charter & Watersports,"Majorca, Balearic Islands"
Finnegan's Live Music Irish Pub,"Majorca, Balearic Islands"
Balearic Transfer,"Majorca, Balearic Islands"
Piano Bar Magaluf,"Majorca, Balearic Islands"
Vintage Motors,"Majorca, Balearic Islands"
Roig Drive Mallorca!,"Majorca, Balearic Islands"
Albatros Diving,"Majorca, Balearic Islands"
Sanddancers Bar,"Majorca, Balearic Islands"
Boat Tours - Vela Mayorca,"Majorca, Balearic Islands"
Withlocals,"Majorca, Balearic Islands"
Boat Trip Mallorca with Cata Simo,"Majorca, Balearic Islands"
Mallorca Wellness SPA - Gran Playa de Palma,"Majorca, Balearic Islands"
Mucky OMarras Irish Pub,"Majorca, Balearic Islands"
Terrys Car Hire,"Majorca, Balearic Islands"
Naturacavall,"Majorca, Balearic Islands"
ULTIMATE BIKE HIRE,"Majorca, Balearic Islands"
Pirates Adventure,"Majorca, Balearic Islands"
Freedive Mallorca,"Majorca, Balearic Islands"
Why Not Cycling,"Majorca, Balearic Islands"
Rozamar Private Sailing Experiences,"Majorca, Balearic Islands"
Janer-bus,"Majorca, Balearic Islands"
Palma Bicycle Tours,"Majorca, Balearic Islands"
ZOEA Scuba Diving Center,"Majorca, Balearic Islands"
Andy's Bar,"Majorca, Balearic Islands"
The Prince William Pub,"Majorca, Balearic Islands"
North Mallorca Charters Day Tours,"Majorca, Balearic Islands"
Bike Island Mallorca,"Majorca, Balearic Islands"
The Quarterdeck,"Majorca, Balearic Islands"
Nano Bicycles,"Majorca, Balearic Islands"
Active Alcudia,"Majorca, Balearic Islands"
Mallorca Wellness SPA - Mediterraneo Hotel,"Majorca, Balearic Islands"
Golf Fantasia,"Majorca, Balearic Islands"
Explora Mallorca,"Majorca, Balearic Islands"
Barca Samba,"Majorca, Balearic Islands"
Chainguide Mountain Biking Mallorca,"Majorca, Balearic Islands"
Mallorca Stand Up,"Majorca, Balearic Islands"
Mallorca en Barco,"Majorca, Balearic Islands"
Sanuk,"Majorca, Balearic Islands"
Rock and Water Mallorca,"Majorca, Balearic Islands"
Formula Tours,"Majorca, Balearic Islands"
Jeep Safari Mallorca,"Majorca, Balearic Islands"
GoodFellas Music Bar Alcudia,"Majorca, Balearic Islands"
Rock and Ride Europe,"Majorca, Balearic Islands"
Coves de Campanet,"Majorca, Balearic Islands"
No Frills Excursions,"Majorca, Balearic Islands"
House of Son Amar,"Majorca, Balearic Islands"
Stellar Boats,"Majorca, Balearic Islands"
Tirolinas Go! - Mallorca,"Majorca, Balearic Islands"
Rancho Grande Park,"Majorca, Balearic Islands"
Cycling Holiday Tours Mallorca,"Majorca, Balearic Islands"
VIP Cycling,"Majorca, Balearic Islands"
Sea adventures,"Majorca, Balearic Islands"
Taxi Mallorca 365,"Majorca, Balearic Islands"
IB Ballooning,"Majorca, Balearic Islands"
Vespa Rental Alcudia| Vespa Lovers,"Majorca, Balearic Islands"
Best Escape Rooms Mallorca,"Majorca, Balearic Islands"
King of Escape - Escape Room Mallorca,"Majorca, Balearic Islands"
Palma Sightseeing Tours & Rentals,"Majorca, Balearic Islands"
Mallorca Wakepark,"Majorca, Balearic Islands"
Tramuntana Tours,"Majorca, Balearic Islands"
Bullimoto Port Soller,"Majorca, Balearic Islands"
Avinae Fine Wine & Spirits Merchants,"Majorca, Balearic Islands"
Holls Boat Charter,"Majorca, Balearic Islands"
Smugglers Bar Alcúdia,"Majorca, Balearic Islands"
Tomeu Charter,"Majorca, Balearic Islands"
Karting Can Picafort,"Majorca, Balearic Islands"
The Crown,"Majorca, Balearic Islands"
Sail La Vie Soller,"Majorca, Balearic Islands"
Peter Diving,"Majorca, Balearic Islands"
Trike Tours Cala Millor Mallorca,"Majorca, Balearic Islands"
Zeppelin Live Music Bar,"Majorca, Balearic Islands"
Blue Bay Charter - Bootsvermietung Mallorca,"Majorca, Balearic Islands"
East Coast Divers Mallorca,"Majorca, Balearic Islands"
La Bicicleta Sports Bar,"Majorca, Balearic Islands"
Boats Mallorca. Santa Ponsa.,"Majorca, Balearic Islands"
Palma Diving,"Majorca, Balearic Islands"
Atrevida  Sport Yacht Charter,"Majorca, Balearic Islands"
Mallorca Kiteboarding & SUP S.L,"Majorca, Balearic Islands"
Catamaran Mallorca,"Majorca, Balearic Islands"
Flamallorca Palma: Fiesta Flamenca,"Majorca, Balearic Islands"
Mallorca Wellness SPA - Eurotel Punta Rotja,"Majorca, Balearic Islands"
Hammam Al Ándalus Palma,"Majorca, Balearic Islands"
Roda Boats,"Majorca, Balearic Islands"
LLaut San Francisco,"Majorca, Balearic Islands"
The Sailing Adventure,"Majorca, Balearic Islands"
JJs Sports Lounge,"Majorca, Balearic Islands"
Soller Divers,"Majorca, Balearic Islands"
Nautica Sealand - Sin Rumbo Mallorca,"Majorca, Balearic Islands"
Paco's CRAZY HORSE BAR.,"Majorca, Balearic Islands"
Poseidon Charter Mallorca,"Majorca, Balearic Islands"
Seaview Kayaks Mallorca,"Majorca, Balearic Islands"
AlcudiaVentura,"Majorca, Balearic Islands"
Bcm Mallorca,"Majorca, Balearic Islands"
Quincho Massages,"Majorca, Balearic Islands"
The Manchester Pub,"Majorca, Balearic Islands"
Evasion Authentic,"Majorca, Balearic Islands"
Banana Club,"Majorca, Balearic Islands"
WhyNot Cocktail Bar,"Majorca, Balearic Islands"
Port Adriano,"Majorca, Balearic Islands"
Cafe Atlantico Cocktail Bar,"Majorca, Balearic Islands"
Carlo Mar Nautic,"Majorca, Balearic Islands"
Free Tour Palma de Mallorca,"Majorca, Balearic Islands"
Atemrausch,"Majorca, Balearic Islands"
O'Malley's Irish Pub,"Majorca, Balearic Islands"
Dive Buddies,"Majorca, Balearic Islands"
Pescaturismo,"Majorca, Balearic Islands"
Excursions a Cabrera,"Majorca, Balearic Islands"
Katamaran Club Mallorca,"Majorca, Balearic Islands"
Sea Sports Mallorca,"Majorca, Balearic Islands"
MTB Tour Mallorca,"Majorca, Balearic Islands"
Motos Pepllu Rent,"Majorca, Balearic Islands"
Golf Son Gual,"Majorca, Balearic Islands"
BikeKing,"Majorca, Balearic Islands"
Ocean Vibes,"Majorca, Balearic Islands"
Luxury yacht charter - Tiger,"Majorca, Balearic Islands"
Wrangler Jeep Safari,"Majorca, Balearic Islands"
Golfschule Michel Monnard,"Majorca, Balearic Islands"
Sails Up Mallorca,"Majorca, Balearic Islands"
Salinas d'Es Trenc,"Majorca, Balearic Islands"
MALLORCA ON JETSKI,"Majorca, Balearic Islands"
Palma on Bike,"Majorca, Balearic Islands"
Sean's Place,"Majorca, Balearic Islands"
My Sea Experience,"Majorca, Balearic Islands"
Keida Enjoy Mallorca,"Majorca, Balearic Islands"
Poundstretcher,"Majorca, Balearic Islands"
Oceans Beach Club,"Majorca, Balearic Islands"
Mallorca North Transfers,"Majorca, Balearic Islands"
Sailing Mallorca,"Majorca, Balearic Islands"
Kitesurfing Club Mallorca,"Majorca, Balearic Islands"
Romantic Sailing,"Majorca, Balearic Islands"
Stereo Bar Magaluf,"Majorca, Balearic Islands"
Danilo Hondo ePoint,"Majorca, Balearic Islands"
El Tren de Soller,"Majorca, Balearic Islands"
Bar Code 7,"Majorca, Balearic Islands"
Exclusivesail,"Majorca, Balearic Islands"
Daiquiri Palace Magaluf,"Majorca, Balearic Islands"
Balearen Segeln,"Majorca, Balearic Islands"
Delphinus Diving School,"Majorca, Balearic Islands"
Flyboard Mallorca,"Majorca, Balearic Islands"
Sunset Bar,"Majorca, Balearic Islands"
Thalassa Philosophy,"Majorca, Balearic Islands"
Morgan's Pub,"Majorca, Balearic Islands"
Soqueta Experiences,"Majorca, Balearic Islands"
Durty Nelly's Pub,"Majorca, Balearic Islands"
Mallorca Piraten,"Majorca, Balearic Islands"
Parc de la Mar,"Majorca, Balearic Islands"
Es Fangar Vins,"Majorca, Balearic Islands"
Sailinfreedom,"Majorca, Balearic Islands"
Mar Balear Dive Center,"Majorca, Balearic Islands"
Dinosaurland,"Majorca, Balearic Islands"
Thai-Wellness Massage in Peguera,"Majorca, Balearic Islands"
Palma Bay Vespa Rental,"Majorca, Balearic Islands"
Fun Quad Mallorca,"Majorca, Balearic Islands"
Mallorca Fashion Outlet,"Majorca, Balearic Islands"
Palma Lock and Go,"Majorca, Balearic Islands"
Robinson Boat Trips,"Majorca, Balearic Islands"
Majorcabdriver,"Majorca, Balearic Islands"
Bt Group Mallorca Buses,"Majorca, Balearic Islands"
Marcabrera,"Majorca, Balearic Islands"
Pollensa Cycling,"Majorca, Balearic Islands"
Cheeki Tiki Bar,"Majorca, Balearic Islands"
Rose & Crown Cala Millor,"Majorca, Balearic Islands"
Wind Pirates,"Majorca, Balearic Islands"
Bar Abaco,"Majorca, Balearic Islands"
Wine Routes Mallorca,"Majorca, Balearic Islands"
Silent Xperience,"Majorca, Balearic Islands"
Rent a Bike Sancho,"Majorca, Balearic Islands"
Chopper Tours Mallorca,"Majorca, Balearic Islands"
Stepps Bar,"Majorca, Balearic Islands"
The Irish Tavern,"Majorca, Balearic Islands"
Mabu-Hay,"Majorca, Balearic Islands"
Sea Mallorca,"Majorca, Balearic Islands"
Leo's Pub,"Majorca, Balearic Islands"
Queens Bar Alcudia,"Majorca, Balearic Islands"
Experience Mallorca S.L,"Majorca, Balearic Islands"
Sun & Sea Mallorca Charter,"Majorca, Balearic Islands"
Cuevas de Genova,"Majorca, Balearic Islands"
"Danni's Bar, Cala Millor","Majorca, Balearic Islands"
Rent a Bike Cala Millor,"Majorca, Balearic Islands"
KIWI Mallorca,"Majorca, Balearic Islands"
AVcaving-mallorca,"Majorca, Balearic Islands"
Sea Riders,"Majorca, Balearic Islands"
S' Hostal,"Majorca, Balearic Islands"
Cathedral de Mallorca,"Majorca, Balearic Islands"
Chef 7 Mares,"Majorca, Balearic Islands"
Golf Son Vida,"Majorca, Balearic Islands"
Alchimia gin club,"Majorca, Balearic Islands"
seven senses - Day Charter - Portocolom,"Majorca, Balearic Islands"
The rose mallow,"Majorca, Balearic Islands"
Diving and Adventure - AquaSub,"Majorca, Balearic Islands"
Alcudia Bay Boat Rental,"Majorca, Balearic Islands"
Boat Rental Formentor,"Majorca, Balearic Islands"
Beach Park,"Majorca, Balearic Islands"
Canyamel Golf,"Majorca, Balearic Islands"
Meal Pass,"Majorca, Balearic Islands"
Mallorca Boat Quest,"Majorca, Balearic Islands"
Flora,"Majorca, Balearic Islands"
The Bronze Bar Magaluf,"Majorca, Balearic Islands"
Palma Escape Rooms,"Majorca, Balearic Islands"
Majorca-Tours,"Majorca, Balearic Islands"
Escape Rooms Magaluf,"Majorca, Balearic Islands"
Golf Son Muntaner,"Majorca, Balearic Islands"
Paintball Fantasy Mallorca,"Majorca, Balearic Islands"
IKIGAI SCUBA,"Majorca, Balearic Islands"
Captain Vince Riera,"Majorca, Balearic Islands"
Bullimoto,"Majorca, Balearic Islands"
Speedboat Cala Ratjada,"Majorca, Balearic Islands"
Maverick Sea,"Majorca, Balearic Islands"
kite Mallorca,"Majorca, Balearic Islands"
Pro Am Cycles,"Majorca, Balearic Islands"
Spa Aquarium,"Majorca, Balearic Islands"
MYONE - dein Katamaran auf Mallorca,"Majorca, Balearic Islands"
Ses Fonts Ufanes,"Majorca, Balearic Islands"
Albion Classic Motorcycle Day Tours,"Majorca, Balearic Islands"
Mallorca Car Hire,"Majorca, Balearic Islands"
Caribia Sailing,"Majorca, Balearic Islands"
Scuba Activa,"Majorca, Balearic Islands"
Son Moragues,"Majorca, Balearic Islands"
Club De Golf Son Servera,"Majorca, Balearic Islands"
El Nino Surf Center,"Majorca, Balearic Islands"
City Sightseeing Palma de Mallorca,"Majorca, Balearic Islands"
BOP,"Majorca, Balearic Islands"
Vidrios de Arte Gordiola,"Majorca, Balearic Islands"
Mistral Nautic,"Majorca, Balearic Islands"
Shamrock Alcudia,"Majorca, Balearic Islands"
Game Zone,"Majorca, Balearic Islands"
Balearic Helicopters,"Majorca, Balearic Islands"
Celtswell,"Majorca, Balearic Islands"
Wind & Friends,"Majorca, Balearic Islands"
Bodhana Wellness Centre,"Majorca, Balearic Islands"
Nautic Soller,"Majorca, Balearic Islands"
Bluemarine,"Majorca, Balearic Islands"
Absolut Chillout,"Majorca, Balearic Islands"
"Fish Space Mallorca, Fish Spa","Majorca, Balearic Islands"
Trike Fun Mallorca,"Majorca, Balearic Islands"
Auditorium de Palma de Mallorca,"Majorca, Balearic Islands"
Mini Mallorca,"Majorca, Balearic Islands"
Pedro Oliver - Mallorca Private Tour Guide,"Majorca, Balearic Islands"
Kayaks Alcudia,"Majorca, Balearic Islands"
Magic Catamarans,"Majorca, Balearic Islands"
The World Famous Corner Bar,"Majorca, Balearic Islands"
Mallorca Top Charters,"Majorca, Balearic Islands"
Es Jardí Festival,"Majorca, Balearic Islands"
Es Colomer,"Majorca, Balearic Islands"
Rad International Mallorca,"Majorca, Balearic Islands"
Mallorca Walks.com,"Majorca, Balearic Islands"
Golf de Andratx,"Majorca, Balearic Islands"
Mallorca4Boat,"Majorca, Balearic Islands"
Sa cisterna,"Majorca, Balearic Islands"
SoulMassage,"Majorca, Balearic Islands"
Clips Mallorca Bikes | Bike rental,"Majorca, Balearic Islands"
Caramba,"Majorca, Balearic Islands"
Mallorca Tour Guides S.L,"Majorca, Balearic Islands"
La Batucada Cocktail Bar,"Majorca, Balearic Islands"
Caminito,"Majorca, Balearic Islands"
No Frills Excursions,"Majorca, Balearic Islands"
Fliteschool Mallorca,"Majorca, Balearic Islands"
El Spot Wakeboard School,"Majorca, Balearic Islands"
WHEE -  eScooter sharing & private rentals,"Majorca, Balearic Islands"
All in One Mallorca,"Majorca, Balearic Islands"
Smile Boats,"Majorca, Balearic Islands"
M One Club Mallorca,"Majorca, Balearic Islands"
Guide Mallorca,"Majorca, Balearic Islands"
Taberna El Pincho,"Majorca, Balearic Islands"
Sollermar,"Majorca, Balearic Islands"
Oceans Edge,"Majorca, Balearic Islands"
Niskala Yoga,"Majorca, Balearic Islands"
Need a boat,"Majorca, Balearic Islands"
MiniGolf Miraflores,"Majorca, Balearic Islands"
Splash Pub Terraza,"Majorca, Balearic Islands"
Quad Touren Mallorca,"Majorca, Balearic Islands"
Cuba 58,"Majorca, Balearic Islands"
Mel,"Majorca, Balearic Islands"
Madventure Mallorca,"Majorca, Balearic Islands"
Bierexpress,"Majorca, Balearic Islands"
SART Club,"Majorca, Balearic Islands"
Performance Ribs Mallorca,"Majorca, Balearic Islands"
La Biblioteca de Babel,"Majorca, Balearic Islands"
Bar Lucinda,"Majorca, Balearic Islands"
Transfers Palma,"Majorca, Balearic Islands"
H2O Scuba Academy,"Majorca, Balearic Islands"
Thaimassage Center Spa & Wellness,"Majorca, Balearic Islands"
Casa Eva,"Majorca, Balearic Islands"
Embalse de Gorg Blau,"Majorca, Balearic Islands"
Zatara Charter & Tours,"Majorca, Balearic Islands"
Rancho Ca'n Picafort,"Majorca, Balearic Islands"
GeoDetectives,"Majorca, Balearic Islands"
Buddy Bash,"Majorca, Balearic Islands"
Tiffany's Pub,"Majorca, Balearic Islands"
Gojet Jet Ski Tours Alcudia,"Majorca, Balearic Islands"
YourTaxiMallorca,"Majorca, Balearic Islands"
Sport Charter Fish,"Majorca, Balearic Islands"
We Love Rent,"Majorca, Balearic Islands"
Alcudia Sports Club,"Majorca, Balearic Islands"
Fresopolis Mallorca,"Majorca, Balearic Islands"
Cooltra Mallorca,"Majorca, Balearic Islands"
HSPA,"Majorca, Balearic Islands"
Mallorca Thai Massage,"Majorca, Balearic Islands"
The Yoga Concept,"Majorca, Balearic Islands"
Carpe Diem,"Majorca, Balearic Islands"
Rent&Enjoy,"Majorca, Balearic Islands"
Rental Bikes Mallorca. Alquiler de bicicletas en Mallorca. Rent a bike. Alquiler de padel surf.,"Majorca, Balearic Islands"
LA Organic Experience Mallorca,"Majorca, Balearic Islands"
Pula Golf,"Majorca, Balearic Islands"
Cocktails & Drinks von A bis Z,"Majorca, Balearic Islands"
BAR CAS RETO,"Majorca, Balearic Islands"
T Golf & Country Club,"Majorca, Balearic Islands"
The Terrace Sports Bar,"Majorca, Balearic Islands"
Dragon Buggy Mallorca,"Majorca, Balearic Islands"
Porto Cristo,"Majorca, Balearic Islands"
Nuad Mallorca,"Majorca, Balearic Islands"
Happy Bike Palma.com,"Majorca, Balearic Islands"
Bikehead Mallorca,"Majorca, Balearic Islands"
Cruise Cormoran,"Majorca, Balearic Islands"
Fish Spa & Wellness,"Majorca, Balearic Islands"
Típika,"Majorca, Balearic Islands"
Next Wave Mallorca,"Majorca, Balearic Islands"
Can Mateu S'Illot,"Majorca, Balearic Islands"
NatureNurture Adventures,"Majorca, Balearic Islands"
Mulligans Bar,"Majorca, Balearic Islands"
El Rincon del Arriero,"Majorca, Balearic Islands"
BODEGA BLANCA TERRA,"Majorca, Balearic Islands"
Cruceros Cormoran,"Majorca, Balearic Islands"
Island Tours Mallorca,"Majorca, Balearic Islands"
DeepBoard,"Majorca, Balearic Islands"
Food Tours Mallorca,"Majorca, Balearic Islands"
Sail & Surf Pollensa,"Majorca, Balearic Islands"
Outbound Mallorca,"Majorca, Balearic Islands"
Illa Balear,"Majorca, Balearic Islands"
Valentino Indiana,"Majorca, Balearic Islands"
Mallorca Flamenco Foodie,"Majorca, Balearic Islands"
I RENT A BOAT,"Majorca, Balearic Islands"
Mallorca Cycling Center,"Majorca, Balearic Islands"
D'or Boats,"Majorca, Balearic Islands"
Tirant Boat Tours,"Majorca, Balearic Islands"
RossRent,"Majorca, Balearic Islands"
Spa Son Brull,"Majorca, Balearic Islands"
The Aviation Centre,"Majorca, Balearic Islands"
Neway BCN,"Majorca, Balearic Islands"
Rompelberg Cycling Holidays,"Majorca, Balearic Islands"
Topmallorca.eu,"Majorca, Balearic Islands"
Típic,"Majorca, Balearic Islands"
Happy Bike Palma.com,"Majorca, Balearic Islands"
Radvermietung Bikefriends Schon,"Majorca, Balearic Islands"
Clinica Fisioterapia Pedro Moreno,"Majorca, Balearic Islands"
Dive & Fun,"Majorca, Balearic Islands"
Mallorca Island Tours,"Majorca, Balearic Islands"
Midnight Sun,"Majorca, Balearic Islands"
KITESURF MALLORCA PURA VIDA,"Majorca, Balearic Islands"
Jaime Montis Pascual,"Majorca, Balearic Islands"
Smart Boats Mallorca,"Majorca, Balearic Islands"
Es Forn  Deia Village shop,"Majorca, Balearic Islands"
Museu del Calçat i de la Indústria,"Majorca, Balearic Islands"
Time Out Cala D'or,"Majorca, Balearic Islands"
Foguero,"Majorca, Balearic Islands"
Ciclos Mora,"Majorca, Balearic Islands"
Boat Charter Andratx,"Majorca, Balearic Islands"
Yoga Del Mar Mallorca,"Majorca, Balearic Islands"
FUN ART CLUB,"Majorca, Balearic Islands"
Myriam Gardom Photography,"Majorca, Balearic Islands"
Excursions La Mallorca,"Majorca, Balearic Islands"
Agua Bar,"Majorca, Balearic Islands"
Taxi 24 Mallorca,"Majorca, Balearic Islands"
Suping Mallorca,"Majorca, Balearic Islands"
Alex Debelic,"Majorca, Balearic Islands"
Bluebnc,"Majorca, Balearic Islands"
Mallorcària,"Majorca, Balearic Islands"
Mallorca On Charter,"Majorca, Balearic Islands"
Let's meet Mallorca,"Majorca, Balearic Islands"
Bar La Torre Cala Llombards,"Majorca, Balearic Islands"
Taxi Mallorca Transfers,"Majorca, Balearic Islands"
El Barbero,"Majorca, Balearic Islands"
Buggy Mallorca Tours,"Majorca, Balearic Islands"
Charters Llevant,"Majorca, Balearic Islands"
Physical Quality,"Majorca, Balearic Islands"
Port De Manacor,"Majorca, Balearic Islands"
La Morena Diving,"Majorca, Balearic Islands"
Gibson Bar,"Majorca, Balearic Islands"
Moto Sprint Car,"Majorca, Balearic Islands"
Mallorcadaycharter,"Majorca, Balearic Islands"
Mayurca Yachting,"Majorca, Balearic Islands"
Stick No Bills,"Majorca, Balearic Islands"
Coco Bongos Magaluf,"Majorca, Balearic Islands"
Offpist Bar,"Majorca, Balearic Islands"
Blauxell Mallorca,"Majorca, Balearic Islands"
Celts Well,"Majorca, Balearic Islands"
Rent A Bike Cristóbal,"Majorca, Balearic Islands"
IRIS Yachtcharter,"Majorca, Balearic Islands"
Boat Rentals Pollensa,"Majorca, Balearic Islands"
Tony Mora,"Majorca, Balearic Islands"
Cruceros Marco Polo,"Majorca, Balearic Islands"
Cabo Negro,"Majorca, Balearic Islands"
S'espai 6,"Majorca, Balearic Islands"
The Red Lion,"Majorca, Balearic Islands"
Wolfies Sports & Music Bar,"Majorca, Balearic Islands"
Holiday Planner Mallorca,"Majorca, Balearic Islands"
HeliXperiences,"Majorca, Balearic Islands"
La Pajarita,"Majorca, Balearic Islands"
Rib Activities Mallorca,"Majorca, Balearic Islands"
Underground Bar,"Majorca, Balearic Islands"
A66 Gallery,"Majorca, Balearic Islands"
Sa Tafona De Caimari,"Majorca, Balearic Islands"
Stay Fit Break Free,"Majorca, Balearic Islands"
Nautic Mooring Boat tours,"Majorca, Balearic Islands"
Mentnature,"Majorca, Balearic Islands"
Angels Cala Rajada Music Bar,"Majorca, Balearic Islands"
OQ Service Course,"Majorca, Balearic Islands"
Pho Thong Thai Spa,"Majorca, Balearic Islands"
GranTours Mallorca,"Majorca, Balearic Islands"
Arca Holidays,"Majorca, Balearic Islands"
Yoga by Ohm,"Majorca, Balearic Islands"
Sailing Yacht Mallorca,"Majorca, Balearic Islands"
Bikes and More Mallorca,"Majorca, Balearic Islands"
Real Yacht Charter,"Majorca, Balearic Islands"
Cafe L'Orient,"Majorca, Balearic Islands"
S'Ànima,"Majorca, Balearic Islands"
Cafe Espanyol,"Majorca, Balearic Islands"
The Anchor Bar,"Majorca, Balearic Islands"
Galactic Club,"Majorca, Balearic Islands"
Bike & Kite,"Majorca, Balearic Islands"
Kensho,"Majorca, Balearic Islands"
Navigare Yachting,"Majorca, Balearic Islands"
Bar cafeteria Can Biel,"Majorca, Balearic Islands"
Mallorca Llaut Experience,"Majorca, Balearic Islands"
Trouble Shooter Majorca,"Majorca, Balearic Islands"
Avinae Wine & Spirits,"Majorca, Balearic Islands"
Vinosenz... so schmeckt Mallorca,"Majorca, Balearic Islands"
Nuwa Salon,"Majorca, Balearic Islands"
Attraction Catamarans,"Majorca, Balearic Islands"
Platja de Canyamel,"Majorca, Balearic Islands"
Teixits Vicens,"Majorca, Balearic Islands"
Villa Wesco Mallorca,"Majorca, Balearic Islands"
Coyote Ugly bar Magaluf,"Majorca, Balearic Islands"
Real Club Nautico Yacht Club,"Majorca, Balearic Islands"
Colonia Boat Charter,"Majorca, Balearic Islands"
Discovery Marine,"Majorca, Balearic Islands"
Mallorca Minicab,"Majorca, Balearic Islands"
Mallorca Mountains,"Majorca, Balearic Islands"
Hans-Josef Homscheid,"Majorca, Balearic Islands"
Bar Balear,"Majorca, Balearic Islands"
Bar Qube,"Majorca, Balearic Islands"
Mandingas Food And Drinks,"Majorca, Balearic Islands"
activ8sport,"Majorca, Balearic Islands"
Majorca Boat Charter,"Majorca, Balearic Islands"
Las Canitas,"Majorca, Balearic Islands"
Hipico Cala Ratjada Reiten,"Majorca, Balearic Islands"
Idem Cafe,"Majorca, Balearic Islands"
Churreria La Plaza,"Majorca, Balearic Islands"
Mallorca Extreme Sports,"Majorca, Balearic Islands"
Mallorca Sailing boat tours,"Majorca, Balearic Islands"
Shine Spa for Sheraton,"Majorca, Balearic Islands"
Sailin'Palma,"Majorca, Balearic Islands"
Mallorca Activities,"Majorca, Balearic Islands"
My Bay Mallorca,"Majorca, Balearic Islands"
BeTheSea,"Majorca, Balearic Islands"
Licence-Free Charters,"Majorca, Balearic Islands"
ExclusiveBeauty,"Majorca, Balearic Islands"
Esperanza Charter,"Majorca, Balearic Islands"
Golf Club Santa Ponsa,"Majorca, Balearic Islands"
Sa Calma Boats,"Majorca, Balearic Islands"
Sea Mallorca Trips,"Majorca, Balearic Islands"
Owl 1909,"Majorca, Balearic Islands"
avido-Rentals.com,"Majorca, Balearic Islands"
Dive Mallorca,"Majorca, Balearic Islands"
Atlas Natura,"Majorca, Balearic Islands"
Dive'n Mallorca,"Majorca, Balearic Islands"
dirty monkey cala ratjada,"Majorca, Balearic Islands"
Paddle Board Pollensa,"Majorca, Balearic Islands"
Bahia Tropical Coctail Bar & Shisha Lounge,"Majorca, Balearic Islands"
Rent a Classic Mallorca,"Majorca, Balearic Islands"
Lk Living,"Majorca, Balearic Islands"
Palma Sea School,"Majorca, Balearic Islands"
Arabella Golf Mallorca,"Majorca, Balearic Islands"
Urban Drivestyle Mallorca,"Majorca, Balearic Islands"
HMH Art Gallery,"Majorca, Balearic Islands"
Sun Cycling Rent a Bike,"Majorca, Balearic Islands"
Just su Aqui,"Majorca, Balearic Islands"
Sporting Club Fidel,"Majorca, Balearic Islands"
Bar Can Joan,"Majorca, Balearic Islands"
TASCA LA PALLISA,"Majorca, Balearic Islands"
Es Variat,"Majorca, Balearic Islands"
Ca Na Pereta,"Majorca, Balearic Islands"
Vinos y Yo & La Bodega de la Rubia,"Majorca, Balearic Islands"
Bierbrunnen Sa Font,"Majorca, Balearic Islands"
Sumiller Sineu,"Majorca, Balearic Islands"
Kelly's Bar,"Majorca, Balearic Islands"
Tamarells,"Majorca, Balearic Islands"
QuickTransfer,"Majorca, Balearic Islands"
Yogi-Yogini,"Majorca, Balearic Islands"
Ltd Edition,"Majorca, Balearic Islands"
La Birreria. Cerveses i Pintxos,"Majorca, Balearic Islands"
Ride & Blue,"Majorca, Balearic Islands"
La Cosecha,"Majorca, Balearic Islands"
Extreme Sea,"Majorca, Balearic Islands"
Yemaya Centro de Quiromasaje,"Majorca, Balearic Islands"
Can Comas,"Majorca, Balearic Islands"
Mallorca Rent and Sail,"Majorca, Balearic Islands"
Entre Cabos,"Majorca, Balearic Islands"
Spanisch und Wandern Tours,"Majorca, Balearic Islands"
Faro De S'Estalella,"Majorca, Balearic Islands"
La Perla Negra Charter,"Majorca, Balearic Islands"
Spacefantasy,"Majorca, Balearic Islands"
Mimbreria Vidal,"Majorca, Balearic Islands"
Offroad Mallorca,"Majorca, Balearic Islands"
Patsy Fagans,"Majorca, Balearic Islands"
Viento de Color,"Majorca, Balearic Islands"
Barcaresports,"Majorca, Balearic Islands"
Mc Nelly´s Bar,"Majorca, Balearic Islands"
Cent3,"Majorca, Balearic Islands"
Cabrer Jewellery,"Majorca, Balearic Islands"
"Gabi Y Pere Ignasi, Glass Studio","Majorca, Balearic Islands"
Ferrerico,"Majorca, Balearic Islands"
Reflejo Mamífero,"Majorca, Balearic Islands"
Vinyasa Flow Yoga School,"Majorca, Balearic Islands"
AmbTaxi Grup,"Majorca, Balearic Islands"
7103 petit celler,"Majorca, Balearic Islands"
Farah's Legendary Club,"Majorca, Balearic Islands"
Parroquia San Lorenzo,"Majorca, Balearic Islands"
Visit My Mallorca,"Majorca, Balearic Islands"
M62 Sports & Entertainment Bar,"Majorca, Balearic Islands"
JES,"Majorca, Balearic Islands"
Cachao - Chocolate Manufactory,"Majorca, Balearic Islands"
Fisio Pto Andratx,"Majorca, Balearic Islands"
ELE USAL MALLORCA,"Majorca, Balearic Islands"
Santa Ponsa Community Church,"Majorca, Balearic Islands"
Picnic Vibes Mallorca,"Majorca, Balearic Islands"
CR7 Es Galatzo - S'Esclop Trail,"Majorca, Balearic Islands"
Nusawa,"Majorca, Balearic Islands"
Taxitender,"Majorca, Balearic Islands"
Dolphin Boats,"Majorca, Balearic Islands"
Sa Plasa de Campos,"Majorca, Balearic Islands"
Bamboo Palma,"Majorca, Balearic Islands"
Activities4you,"Majorca, Balearic Islands"
"Jaume Vermell Nautica, S.L","Majorca, Balearic Islands"
VANRELL BOAT CHARTER,"Majorca, Balearic Islands"
Saint Tropez pub,"Majorca, Balearic Islands"
Bodega Can Feliu,"Majorca, Balearic Islands"
Crossfit Entreno Cruzado,"Majorca, Balearic Islands"
VIMA Rent a Car - Mallorca,"Majorca, Balearic Islands"
Es Paladar,"Majorca, Balearic Islands"
bar sa trobada,"Majorca, Balearic Islands"
Bar Xarop,"Majorca, Balearic Islands"
Tramontana,"Majorca, Balearic Islands"
4tendencias,"Majorca, Balearic Islands"
Cine Rívoli,"Majorca, Balearic Islands"
Bolero,"Majorca, Balearic Islands"
The Red Lion,"Majorca, Balearic Islands"
Mirador de ses Basses,"Majorca, Balearic Islands"
Tour Travel and More,"Majorca, Balearic Islands"
OnWay Transfers,"Majorca, Balearic Islands"
Mallorca Taxi,"Majorca, Balearic Islands"
Urban Ape el Terreno,"Majorca, Balearic Islands"
Sa Nina Charter Porto Cristo,"Majorca, Balearic Islands"
Gowineing,"Majorca, Balearic Islands"
Bou Ros,"Majorca, Balearic Islands"
Blau Club,"Majorca, Balearic Islands"
Jaque Mate Experiences,"Majorca, Balearic Islands"
Clio Muse Tours,"Majorca, Balearic Islands"
Equilibrium Mobile Massage Therapy- Mallorca,"Majorca, Balearic Islands"
Wildy's Bar,"Majorca, Balearic Islands"
World City Trail - Palma de Mallorca,"Majorca, Balearic Islands"
Maraboo Concept,"Majorca, Balearic Islands"
Mallorca Bowling,"Majorca, Balearic Islands"
Chez Oscar,"Majorca, Balearic Islands"
Cas Ros,"Majorca, Balearic Islands"
DETUaMI,"Majorca, Balearic Islands"
bar ca na bel,"Majorca, Balearic Islands"
Elliptigo Mallorca,"Majorca, Balearic Islands"
360 Bbq,"Majorca, Balearic Islands"
Ajuntament D'artà,"Majorca, Balearic Islands"
Na Batlessa,"Majorca, Balearic Islands"
Iglesia De San Vicente Ferrer,"Majorca, Balearic Islands"
Museu Regional d' Arta,"Majorca, Balearic Islands"
Times Square Mallorca,"Majorca, Balearic Islands"
Plaça Del Conqueridor,"Majorca, Balearic Islands"
Monument A Ramon Llull,"Majorca, Balearic Islands"
Palms Bar Puerto Pollensa,"Majorca, Balearic Islands"
“ Ses Palmeres” sculpture,"Majorca, Balearic Islands"
La Sirene,"Majorca, Balearic Islands"
S'altrebar,"Majorca, Balearic Islands"
Coolta,"Majorca, Balearic Islands"
Sun Boats Charter,"Majorca, Balearic Islands"
Transfer Futurtrans,"Majorca, Balearic Islands"
RB Sa Coma,"Majorca, Balearic Islands"
Akzent,"Majorca, Balearic Islands"
D.Bar,"Majorca, Balearic Islands"
Mestral Charter S.L.,"Majorca, Balearic Islands"
ModaMania Boutique Multimarca,"Majorca, Balearic Islands"
Artesania,"Majorca, Balearic Islands"
Tours Mallorca,"Majorca, Balearic Islands"
El Billar Dominicano,"Majorca, Balearic Islands"
Little Britain,"Majorca, Balearic Islands"
Perlart,"Majorca, Balearic Islands"
Real Club Escuela Equitacion de Mallorca,"Majorca, Balearic Islands"
Son Servera Golf Academy,"Majorca, Balearic Islands"
Palace Q (The Q Club),"Majorca, Balearic Islands"
Zonafitness,"Majorca, Balearic Islands"
Centro Y Zen,"Majorca, Balearic Islands"
Balearic Transfer,"Majorca, Balearic Islands"
Gallery Santanyi Arte,"Majorca, Balearic Islands"
Sea Odyssey - Glass Bottom Boat,"Majorca, Balearic Islands"
Casa Creativa,"Majorca, Balearic Islands"
Rent a Classic Car Mallorca,"Majorca, Balearic Islands"
Bar Ca Na Mary,"Majorca, Balearic Islands"
Uma,"Majorca, Balearic Islands"
Cerro de Hierro,"Majorca, Balearic Islands"
Mallorca Yates,"Majorca, Balearic Islands"
Dolce Biga,"Majorca, Balearic Islands"
Rumbo Excursiones - One Day Tours,"Majorca, Balearic Islands"
Philipps Bike Team,"Majorca, Balearic Islands"
Taxies,"Majorca, Balearic Islands"
Sol Y Vida,"Majorca, Balearic Islands"
Plaza 13 Couture,"Majorca, Balearic Islands"
Dins Sa Gabia,"Majorca, Balearic Islands"
Alpargateria La Concepcion,"Majorca, Balearic Islands"
Discotheque Flamenco,"Majorca, Balearic Islands"
Transfer Soller,"Majorca, Balearic Islands"
Carnage Magaluf,"Majorca, Balearic Islands"
Linekers Bar,"Majorca, Balearic Islands"
KITEMALLORCA,"Majorca, Balearic Islands"
Life & Sea,"Majorca, Balearic Islands"
Placa d'En Coll,"Majorca, Balearic Islands"
Monumento Sol,"Majorca, Balearic Islands"
Dominique's,"Majorca, Balearic Islands"
La Finca,"Majorca, Balearic Islands"
Sir Lawrence,"Majorca, Balearic Islands"
Spa Bellesa de Claret,"Majorca, Balearic Islands"
Cafeteria Las Delicias,"Majorca, Balearic Islands"
Cafe Milano Palma,"Majorca, Balearic Islands"
Cinesa Festival Park,"Majorca, Balearic Islands"
e-Boats Experience,"Majorca, Balearic Islands"
Avantcab,"Majorca, Balearic Islands"
City Adventure,"Majorca, Balearic Islands"
Sportsbar Mallorca Acapulco,"Majorca, Balearic Islands"
Prismas Karaoke,"Majorca, Balearic Islands"
Enjoy Rent Mallorca,"Majorca, Balearic Islands"
Talixo - Palma,"Majorca, Balearic Islands"
Lanchas La Gaviota,"Majorca, Balearic Islands"
Nauti Parts,"Majorca, Balearic Islands"
Natural Wish Masajes (massages),"Majorca, Balearic Islands"
Alcudia Xperience Bus,"Majorca, Balearic Islands"
Alex's Bar,"Majorca, Balearic Islands"
Bos,"Majorca, Balearic Islands"
Alcudia Boat Trip With Snorkel,"Majorca, Balearic Islands"
Jet ski Mallorca,"Majorca, Balearic Islands"
Fundacio Teatre Principal,"Majorca, Balearic Islands"
Centro de Estetica Avanzada & Tratamientos Spa Marian Machon,"Majorca, Balearic Islands"
Mercado De Manacor,"Majorca, Balearic Islands"
Boulevard Maritimo Club,"Majorca, Balearic Islands"
Hidropolis Spa,"Majorca, Balearic Islands"
Mallorca en Taxi,"Majorca, Balearic Islands"
Salt Des Freu,"Majorca, Balearic Islands"
The Galley Club - One Day Classes,"Majorca, Balearic Islands"
Sabotage,"Majorca, Balearic Islands"
ES3 BAR,"Majorca, Balearic Islands"
Ciclos Quintana,"Majorca, Balearic Islands"
Rosior,"Majorca, Balearic Islands"
MyTransfers,"Majorca, Balearic Islands"
Galeria Blitz,"Majorca, Balearic Islands"
Mtb Mallorca,"Majorca, Balearic Islands"
Kitesurfing,"Majorca, Balearic Islands"
Iglesia Nuestra Senora de Atocha,"Majorca, Balearic Islands"
Mallorcagroups,"Majorca, Balearic Islands"
Mallorca Lockers,"Majorca, Balearic Islands"
Fernando Castro Marcó,"Majorca, Balearic Islands"
Playtennisabroad.com,"Majorca, Balearic Islands"
Reo Elliott,"Majorca, Balearic Islands"
FAyGA Experience,"Majorca, Balearic Islands"
Lima Massage,"Majorca, Balearic Islands"
Juan Cardell,"Majorca, Balearic Islands"
Argos,"Majorca, Balearic Islands"
Respira -by Energy-,"Majorca, Balearic Islands"
Yoguera Mallorca,"Majorca, Balearic Islands"
Nautic Mooring S.L.U,"Majorca, Balearic Islands"
Laveutu Healing Retreats,"Majorca, Balearic Islands"
Rocksport Mallorca,"Majorca, Balearic Islands"
Cooking Holidays Mallorca,"Majorca, Balearic Islands"
Solmar-Charter,"Majorca, Balearic Islands"
"Sailing Days, SL","Majorca, Balearic Islands"
Motorbike Mallorca,"Majorca, Balearic Islands"
OnWayTransfers.com,"Majorca, Balearic Islands"
Maison Codage Aysla Mallorca,"Majorca, Balearic Islands"
Pilpa,"Majorca, Balearic Islands"
Gateway Transfers Ltd,"Majorca, Balearic Islands"
Supreme MallorcArt,"Majorca, Balearic Islands"
Sandels,"Majorca, Balearic Islands"
C an Ximet,"Majorca, Balearic Islands"
Explora la Belleza,"Majorca, Balearic Islands"
Reflexologia Podal Pollensa,"Majorca, Balearic Islands"
CampusEsport,"Majorca, Balearic Islands"
Shuttlepool - Private Sightseeing Flights,"Majorca, Balearic Islands"
Mercado Central,"Majorca, Balearic Islands"
Free Soul Divers,"Majorca, Balearic Islands"
Al-Alandalus Bar Terraza,"Majorca, Balearic Islands"
Cafe' El Trotamundos,"Majorca, Balearic Islands"
Bar Mi Amigo,"Majorca, Balearic Islands"
BG Pop Folk Fiestas Mallorca,"Majorca, Balearic Islands"
Inn Cahoots Bar,"Majorca, Balearic Islands"
Poliesportiu Es Figueral,"Majorca, Balearic Islands"
Bardeco,"Majorca, Balearic Islands"
D-0 Lounge,"Majorca, Balearic Islands"
Chandan-Cafesoteric,"Majorca, Balearic Islands"
La Crema,"Majorca, Balearic Islands"
Barmondo,"Majorca, Balearic Islands"
mm'agrada,"Majorca, Balearic Islands"
Restaurante El Gallego,"Majorca, Balearic Islands"
eTravelTransfers,"Majorca, Balearic Islands"
Mallorca Sunset Thai Massage,"Majorca, Balearic Islands"
MotoSurf Mallorca Rentals,"Majorca, Balearic Islands"
Luxeparadise,"Majorca, Balearic Islands"
El Rincon del Artesano,"Majorca, Balearic Islands"
Lucky Horse Farm,"Majorca, Balearic Islands"
Quirobienestar,"Majorca, Balearic Islands"
Bar karin,"Majorca, Balearic Islands"
White Sail,"Majorca, Balearic Islands"
Ayurveda Lifestyle By Sathari,"Majorca, Balearic Islands"
Autocares Mallorca,"Majorca, Balearic Islands"
Sailero,"Majorca, Balearic Islands"
Autocares Mallorca,"Majorca, Balearic Islands"
Ayurveda Lifestyle By Sathari,"Majorca, Balearic Islands"
Horts1 Art i Regals,"Majorca, Balearic Islands"
Playa Canina Les Llanetes,"Majorca, Balearic Islands"
Cines Rivoli,"Majorca, Balearic Islands"
Portals De Yoga,"Majorca, Balearic Islands"
L'illa De La Calma,"Majorca, Balearic Islands"
Oh Land,"Majorca, Balearic Islands"
Formentor,"Majorca, Balearic Islands"
Centre Cultural Casa Planas,"Majorca, Balearic Islands"
Magenta Marine,"Majorca, Balearic Islands"
Oceandreamyoga,"Majorca, Balearic Islands"
Pub Tropic,"Majorca, Balearic Islands"
312 Bike House Artà,"Majorca, Balearic Islands"
retro car excursions,"Majorca, Balearic Islands"
Mallorca-Travel & Event-Services,"Majorca, Balearic Islands"
Latinaja,"Majorca, Balearic Islands"
Star Motors Can Pastilla,"Majorca, Balearic Islands"
Destileria Ca na Mora,"Majorca, Balearic Islands"
Palmabalance,"Majorca, Balearic Islands"
Inkaria Transfer,"Majorca, Balearic Islands"
Michele Gargano,"Majorca, Balearic Islands"
Liquid Riders,"Majorca, Balearic Islands"
Laura Caldés,"Majorca, Balearic Islands"
Yacht-Masters - Bootsschule Mallorca,"Majorca, Balearic Islands"
YEZZ Travel & Events,"Majorca, Balearic Islands"
Pareoconnection,"Majorca, Balearic Islands"
Sunrent,"Majorca, Balearic Islands"
RHOMTRIP,"Majorca, Balearic Islands"
DC Charters,"Majorca, Balearic Islands"
Barbara Di Pasquale,"Majorca, Balearic Islands"
Buena Risa Comedy,"Majorca, Balearic Islands"
Limousine Transfer 247,"Majorca, Balearic Islands"
Tienda Bodega Can Rubí,"Majorca, Balearic Islands"
Cruceros Dragonera,"Majorca, Balearic Islands"
WeinFeldSineu,"Majorca, Balearic Islands"
Kiliart,"Majorca, Balearic Islands"
Son Pocapalla,"Majorca, Balearic Islands"
Paseo en barco por Mallorca privado,"Majorca, Balearic Islands"
Museu d'Art Sacre de Mallorca,"Majorca, Balearic Islands"
Parròquia Sant Joan Baptista,"Majorca, Balearic Islands"
Iglesia Sant Albert el Gran,"Majorca, Balearic Islands"
Stanislav Masseur,"Majorca, Balearic Islands"
Guide Mallorca,"Majorca, Balearic Islands"
DeepDiveMallorca,"Majorca, Balearic Islands"
Rsm.excursiones,"Majorca, Balearic Islands"
Ueptaxi,"Majorca, Balearic Islands"
Wow A Tour; Majorca,"Majorca, Balearic Islands"
QUIROGEA - Integrative Osteopathy & Massage,"Majorca, Balearic Islands"
Galería Fran Reus,"Majorca, Balearic Islands"
Alicia Taxi 9,"Majorca, Balearic Islands"
BeCharter Mallorca,"Majorca, Balearic Islands"
Mallorcair FBO,"Majorca, Balearic Islands"
Mediendesign RB,"Majorca, Balearic Islands"
Custom Walking Tour Into Palma's Creative Scene,"Majorca, Balearic Islands"
Vicalo Mallorca Handmade,"Majorca, Balearic Islands"
Es Verger,"Majorca, Balearic Islands"
trip4you.info,"Majorca, Balearic Islands"
Bon Massage,"Majorca, Balearic Islands"
Talaia D'albercutx,"Majorca, Balearic Islands"
Tourguideme,"Majorca, Balearic Islands"
Ca'n Pistachio,"Majorca, Balearic Islands"
Smart Golf Travel,"Majorca, Balearic Islands"
Ancora Mediterranean Fashion,"Majorca, Balearic Islands"
Medvolt Club,"Majorca, Balearic Islands"
Ok taxi Mallorca,"Majorca, Balearic Islands"
Mississippi Calamillor,"Majorca, Balearic Islands"
Chocolates Maüa,"Majorca, Balearic Islands"
Gen Cultura,"Majorca, Balearic Islands"
Santa Margalida De Muro,"Majorca, Balearic Islands"
True Virtual Reality,"Majorca, Balearic Islands"
World City Trail,"Majorca, Balearic Islands"
Delfin Cb,"Majorca, Balearic Islands"
Pub Polinesio Capango,"Majorca, Balearic Islands"
Iglesia Santa Maria,"Majorca, Balearic Islands"
Smart Charter Mallorca,"Majorca, Balearic Islands"
Golf Pass Mallorca,"Majorca, Balearic Islands"
Moda Ecuestre,"Majorca, Balearic Islands"
Bon Massage Mallorca,"Majorca, Balearic Islands"
Voyagercharters,"Majorca, Balearic Islands"
Arrivo Cycling Mallorca,"Majorca, Balearic Islands"
Parampara Yoga Mallorca,"Majorca, Balearic Islands"
Parròquia de la Mare de Déu del Carme i Sant Pere Apòstol,"Majorca, Balearic Islands"
Godewind Charter Sail&Fun,"Majorca, Balearic Islands"
Ca'n Pistachio,"Majorca, Balearic Islands"
Objetario,"Majorca, Balearic Islands"
The Next Shisha Lounge,"Majorca, Balearic Islands"
Biggest Pine Tree Mallorca,"Majorca, Balearic Islands"
Biggest Pine Tree,"Majorca, Balearic Islands"
Badia blanca,"Majorca, Balearic Islands"
Big Blue Charter,"Majorca, Balearic Islands"
Feels Ocean,"Majorca, Balearic Islands"
Bodega Mallorca,"Majorca, Balearic Islands"
Med Massage Mallorca,"Majorca, Balearic Islands"
E-SUP MALLORCA,"Majorca, Balearic Islands"
Firusub,"Majorca, Balearic Islands"
Santinyi street Market,"Majorca, Balearic Islands"
ITS Rent a Bike Colònia de Sant Pere,"Majorca, Balearic Islands"
Terra Savia,"Majorca, Balearic Islands"
Monkey jetskis,"Majorca, Balearic Islands"
PopArt Gallery Mallorca,"Majorca, Balearic Islands"
Portalart,"Majorca, Balearic Islands"
Art Gallery Tomeu Cerda,"Majorca, Balearic Islands"
Skaparkraft Palma,"Majorca, Balearic Islands"
Sidetours Incoming Services,"Majorca, Balearic Islands"
Estiu Concept Store,"Majorca, Balearic Islands"
Neutro Art Templo,"Majorca, Balearic Islands"
Pla Experience Mallorca,"Majorca, Balearic Islands"
Questo App | Palma de Mallorca Walking Tours & City Exploration Games,"Majorca, Balearic Islands"
La Palmesana,"Majorca, Balearic Islands"
Santanyi Arte,"Majorca, Balearic Islands"
RA Tennis Academy,"Majorca, Balearic Islands"
Mallorca Yachting,"Majorca, Balearic Islands"
Mallorca Yachting,"Majorca, Balearic Islands"
Thalasso Spa,"Majorca, Balearic Islands"
Cala Ratjada Express,"Majorca, Balearic Islands"
Mariangela Raponi,"Majorca, Balearic Islands"
MyMallorcaCharter,"Majorca, Balearic Islands"
LaHavanaQ,"Majorca, Balearic Islands"
Can Velo Mallorca,"Majorca, Balearic Islands"
Yacht Fun Bar,"Majorca, Balearic Islands"
Dein-UrlaubsErlebnis,"Majorca, Balearic Islands"
Martin's Walks,"Majorca, Balearic Islands"
Cosmopolitan,"Majorca, Balearic Islands"
Nautic Mooring,"Majorca, Balearic Islands"
Bellatrix boat chárter,"Majorca, Balearic Islands"
Gaff Charter,"Majorca, Balearic Islands"
Allinblusive Mallorca,"Majorca, Balearic Islands"
Mallorca 4 Kids,"Majorca, Balearic Islands"
Palma Foodies & Natural wines,"Majorca, Balearic Islands"
Vida Magica Mallorca,"Majorca, Balearic Islands"
Tattoo 15.13,"Majorca, Balearic Islands"
Volta,"Majorca, Balearic Islands"
¡ HAVE FUN !,"Majorca, Balearic Islands"
Chárter VGO!,"Majorca, Balearic Islands"
Tattoo 15.13,"Majorca, Balearic Islands"
E-SUP SUN & SEA,"Majorca, Balearic Islands"
Summer Heatwave Boat,"Majorca, Balearic Islands"
Glass Bottom boat in Palmanova and Magaluf,"Majorca, Balearic Islands"
Fantasy Museum Palma,"Majorca, Balearic Islands"
Tito's Calvià Beach,"Majorca, Balearic Islands"
Sant Elm Yoga,"Majorca, Balearic Islands"
Tablao Flamenco Alma (Mallorca),"Majorca, Balearic Islands"
Destination Services Spain,"Majorca, Balearic Islands"
Vitalyacht's & Egeajets,"Majorca, Balearic Islands"
Lance Eriksen,"Majorca, Balearic Islands"
